{"cameraMode":{"drawMode":0,"name":"Shaded","section":"Shading Mode"},"sceneLighting":false,"audioPlay":false,"sceneViewState":{"showFog":true,"showMaterialUpdate":true,"showSkybox":false,"showFlares":true,"showImageEffects":true,"showParticleSystems":true},"in2DMode":false,"pivot":{"x":5.960464477539063e-8,"y":1.0,"z":-22.850000381469728},"rotation":{"x":0.2282159924507141,"y":0.3929508626461029,"z":-0.10126261413097382,"w":0.8851622343063355},"size":1.2247449159622193,"orthographic":false}