{"cameraMode":{"drawMode":0,"name":"Shaded","section":"Shading Mode"},"sceneLighting":false,"audioPlay":false,"sceneViewState":{"showFog":true,"showMaterialUpdate":true,"showSkybox":false,"showFlares":true,"showImageEffects":true,"showParticleSystems":true},"in2DMode":false,"pivot":{"x":-1.4919999837875367,"y":1.680999994277954,"z":0.02199999988079071},"rotation":{"x":0.17652159929275514,"y":-0.7758201360702515,"z":0.24803590774536134,"w":0.5528600215911865},"size":10.0,"orthographic":false}