{"cameraMode":{"drawMode":0,"name":"Shaded","section":"Shading Mode"},"sceneLighting":false,"audioPlay":false,"sceneViewState":{"showFog":true,"showMaterialUpdate":true,"showSkybox":true,"showFlares":true,"showImageEffects":true,"showParticleSystems":true},"in2DMode":false,"pivot":{"x":7.344609260559082,"y":10.965726852416993,"z":0.05045477673411369},"rotation":{"x":0.2551969289779663,"y":-0.6661474108695984,"z":0.2612611651420593,"w":0.6505030393600464},"size":1.2247449159622193,"orthographic":false}