{"cameraMode":{"drawMode":0,"name":"Shaded","section":"Shading Mode"},"sceneLighting":false,"audioPlay":false,"sceneViewState":{"showFog":true,"showMaterialUpdate":true,"showSkybox":false,"showFlares":true,"showImageEffects":true,"showParticleSystems":true},"in2DMode":false,"pivot":{"x":-11.84670639038086,"y":-6.226944923400879,"z":-6.808518409729004},"rotation":{"x":0.17652159929275514,"y":-0.7758201360702515,"z":0.24803590774536134,"w":0.5528600215911865},"size":0.8660253882408142,"orthographic":false}